{"公司名称": "腾讯科技（深圳）有限公司", "公司id": 150041670, "模块id": "年份报告", "年份": "2017", "年报": "https://www.tianyancha.com/reportContent/150041670/2017"},
{"公司名称": "腾讯科技（深圳）有限公司", "公司id": 150041670, "模块id": "年份报告", "年份": "2016", "年报": "https://www.tianyancha.com/reportContent/150041670/2016"},
{"公司名称": "腾讯科技（深圳）有限公司", "公司id": 150041670, "模块id": "年份报告", "年份": "2015", "年报": "https://www.tianyancha.com/reportContent/150041670/2015"},
{"公司名称": "腾讯科技（深圳）有限公司", "公司id": 150041670, "模块id": "年份报告", "年份": "2014", "年报": "https://www.tianyancha.com/reportContent/150041670/2014"},
